"00002aa2-0000-1000-8000-00805f9b34fb","2aa2","org.bluetooth.characteristic.language","Language'
"00002a5f-0000-1000-8000-00805f9b34fb","2a5f","org.bluetooth.characteristic.plx_continuous_measurement","PLX Continuous Measurement Characteristic'
"00002a41-0000-1000-8000-00805f9b34fb","2a41","org.bluetooth.characteristic.ringer_setting","Ringer Setting'
"00002a52-0000-1000-8000-00805f9b34fb","2a52","org.bluetooth.characteristic.record_access_control_point","Record Access Control Point'
"00002a48-0000-1000-8000-00805f9b34fb","2a48","org.bluetooth.characteristic.supported_unread_alert_category","Supported Unread Alert Category'
"00002a09-0000-1000-8000-00805f9b34fb","2a09","org.bluetooth.characteristic.day_of_week","Day of Week'
"00002ac7-0000-1000-8000-00805f9b34fb","2ac7","org.bluetooth.characteristic.object_list_filter","Object List Filter'
"00002a5e-0000-1000-8000-00805f9b34fb","2a5e","org.bluetooth.characteristic.plx_spot_check_measurement","PLX Spot-Check Measurement'
"00002a76-0000-1000-8000-00805f9b34fb","2a76","org.bluetooth.characteristic.uv_index","UV Index'
"00002a1a-0000-1000-8000-00805f9b34fb","2a1a","org.bluetooth.characteristic.battery_power_state","Battery Power State'
"00002a93-0000-1000-8000-00805f9b34fb","2a93","org.bluetooth.characteristic.sport_type_for_aerobic_and_anaerobic_thresholds","Sport Type for Aerobic and Anaerobic Thresholds'
"00002a3f-0000-1000-8000-00805f9b34fb","2a3f","org.bluetooth.characteristic.alert_status","Alert Status'
"00002aa8-0000-1000-8000-00805f9b34fb","2aa8","org.bluetooth.characteristic.cgm_feature","CGM Feature'
"00002aac-0000-1000-8000-00805f9b34fb","2aac","org.bluetooth.characteristic.cgm_specific_ops_control_point","CGM Specific Ops Control Point'
"00002ab8-0000-1000-8000-00805f9b34fb","2ab8","org.bluetooth.characteristic.http_status_code","HTTP Status Code'
"00002a27-0000-1000-8000-00805f9b34fb","2a27","org.bluetooth.characteristic.hardware_revision_string","Hardware Revision String'
"00002a08-0000-1000-8000-00805f9b34fb","2a08","org.bluetooth.characteristic.date_time","Date Time'
"00002aae-0000-1000-8000-00805f9b34fb","2aae","org.bluetooth.characteristic.latitude","Latitude'
"00002ab2-0000-1000-8000-00805f9b34fb","2ab2","org.bluetooth.characteristic.floor_number","Floor Number'
"00002a71-0000-1000-8000-00805f9b34fb","2a71","org.bluetooth.characteristic.true_wind_direction","True Wind Direction'
"00002a4e-0000-1000-8000-00805f9b34fb","2a4e","org.bluetooth.characteristic.protocol_mode","Protocol Mode'
"00002a36-0000-1000-8000-00805f9b34fb","2a36","org.bluetooth.characteristic.intermediate_cuff_pressure","Intermediate Cuff Pressure'
"00002a63-0000-1000-8000-00805f9b34fb","2a63","org.bluetooth.characteristic.cycling_power_measurement","Cycling Power Measurement'
"00002a66-0000-1000-8000-00805f9b34fb","2a66","org.bluetooth.characteristic.cycling_power_control_point","Cycling Power Control Point'
"00002a21-0000-1000-8000-00805f9b34fb","2a21","org.bluetooth.characteristic.measurement_interval","Measurement Interval'
"00002a56-0000-1000-8000-00805f9b34fb","2a56","org.bluetooth.characteristic.digital","Digital'
"00002a40-0000-1000-8000-00805f9b34fb","2a40","org.bluetooth.characteristic.ringer_control_point","Ringer Control point'
"00002a4c-0000-1000-8000-00805f9b34fb","2a4c","org.bluetooth.characteristic.hid_control_point","HID Control Point'
"00002a25-0000-1000-8000-00805f9b34fb","2a25","org.bluetooth.characteristic.serial_number_string","Serial Number String'
"00002a47-0000-1000-8000-00805f9b34fb","2a47","org.bluetooth.characteristic.supported_new_alert_category","Supported New Alert Category'
"00002a73-0000-1000-8000-00805f9b34fb","2a73","org.bluetooth.characteristic.apparent_wind_direction","Apparent Wind Direction'
"00002aab-0000-1000-8000-00805f9b34fb","2aab","org.bluetooth.characteristic.cgm_session_run_time","CGM Session Run Time'
"00002a50-0000-1000-8000-00805f9b34fb","2a50","org.bluetooth.characteristic.pnp_id","PnP ID'
"0000eee3-0000-1000-8000-00805f9b34fb","eee3","com.minew.bluetooth.characteristic.keyfinder_pin_code","Minew Keyfinder Pin Code'
"00002a16-0000-1000-8000-00805f9b34fb","2a16","org.bluetooth.characteristic.time_update_control_point","Time Update Control Point'
"00002a7b-0000-1000-8000-00805f9b34fb","2a7b","org.bluetooth.characteristic.dew_point","Dew Point'
"00002a89-0000-1000-8000-00805f9b34fb","2a89","org.bluetooth.characteristic.fat_burn_heart_rate_upper_limit","Fat Burn Heart Rate Upper Limit'
"00002aa1-0000-1000-8000-00805f9b34fb","2aa1","org.bluetooth.characteristic.Magnetic_flux_density_3D","Magnetic Flux Density - 3D'
"00002abc-0000-1000-8000-00805f9b34fb","2abc","org.bluetooth.characteristic.tds_control_point","TDS Control Point'
"00002a06-0000-1000-8000-00805f9b34fb","2a06","org.bluetooth.characteristic.alert_level","Alert Level'
"00002a79-0000-1000-8000-00805f9b34fb","2a79","org.bluetooth.characteristic.wind_chill","Wind Chill'
"00002a96-0000-1000-8000-00805f9b34fb","2a96","org.bluetooth.characteristic.vo2_max","VO2 Max'
"fe95fe95","","com.xiaomi.bluetooth.characteristic.events_data","Xiaomi advertised events data'
"00002a74-0000-1000-8000-00805f9b34fb","2a74","org.bluetooth.characteristic.gust_factor","Gust Factor'
"00002a0e-0000-1000-8000-00805f9b34fb","2a0e","org.bluetooth.characteristic.time_zone","Time Zone'
"0000eee2-0000-1000-8000-00805f9b34fb","eee2","com.minew.characteristic.keyfinder_simple_button","Simple button'
"0000eee4-0000-1000-8000-00805f9b34fb","eee4","com.minew.characteristic.keyfinder_advanced_button","Advanced button'
"00002aad-0000-1000-8000-00805f9b34fb","2aad","org.bluetooth.characteristic.indoor_positioning_configuration","Indoor Positioning Configuration'
"226caa55","","com.xiaomi.bluetooth.characteristic.temp_and_humidity","Temperature and humidity'
"00002a86-0000-1000-8000-00805f9b34fb","2a86","org.bluetooth.characteristic.date_of_threshold_assessment","Date of Threshold Assessment'
"00002ab7-0000-1000-8000-00805f9b34fb","2ab7","org.bluetooth.characteristic.http_headers","HTTP Headers'
"00002ac3-0000-1000-8000-00805f9b34fb","2ac3","org.bluetooth.characteristic.object_id","Object ID'
"00002a37-0000-1000-8000-00805f9b34fb","2a37","org.bluetooth.characteristic.heart_rate_measurement","Heart Rate Measurement'
"00002a8e-0000-1000-8000-00805f9b34fb","2a8e","org.bluetooth.characteristic.height","Height'
"00002a88-0000-1000-8000-00805f9b34fb","2a88","org.bluetooth.characteristic.fat_burn_heart_rate_lower_limit","Fat Burn Heart Rate Lower Limit'
"00002a4b-0000-1000-8000-00805f9b34fb","2a4b","org.bluetooth.characteristic.report_map","Report Map'
"00002a9c-0000-1000-8000-00805f9b34fb","2a9c","org.bluetooth.characteristic.body_composition_measurement","Body Composition Measurement'
"00002a8b-0000-1000-8000-00805f9b34fb","2a8b","org.bluetooth.characteristic.five_zone_heart_rate_limits","Five Zone Heart Rate Limits'
"00002a90-0000-1000-8000-00805f9b34fb","2a90","org.bluetooth.characteristic.last_name","Last Name'
"00002a54-0000-1000-8000-00805f9b34fb","2a54","org.bluetooth.characteristic.rsc_feature","RSC Feature'
"00002a44-0000-1000-8000-00805f9b34fb","2a44","org.bluetooth.characteristic.alert_notification_control_point","Alert Notification Control Point'
"00002a8a-0000-1000-8000-00805f9b34fb","2a8a","org.bluetooth.characteristic.first_name","First Name'
"00002a6c-0000-1000-8000-00805f9b34fb","2a6c","org.bluetooth.characteristic.elevation","Elevation'
"00002a5c-0000-1000-8000-00805f9b34fb","2a5c","org.bluetooth.characteristic.csc_feature","CSC Feature'
"00002ac2-0000-1000-8000-00805f9b34fb","2ac2","org.bluetooth.characteristic.object_last_modified","Object Last-Modified'
"00002a6e-0000-1000-8000-00805f9b34fb","2a6e","org.bluetooth.characteristic.temperature","Temperature'
"00002a5a-0000-1000-8000-00805f9b34fb","2a5a","org.bluetooth.characteristic.aggregate","Aggregate'
"00002ac1-0000-1000-8000-00805f9b34fb","2ac1","org.bluetooth.characteristic.object_first_created","Object First-Created'
"00002a9b-0000-1000-8000-00805f9b34fb","2a9b","org.bluetooth.characteristic.body_composition_feature","Body Composition Feature'
"00002a42-0000-1000-8000-00805f9b34fb","2a42","org.bluetooth.characteristic.alert_category_id_bit_mask","Alert Category ID Bit Mask'
"00002a6d-0000-1000-8000-00805f9b34fb","2a6d","org.bluetooth.characteristic.pressure","Pressure'
"00002ac0-0000-1000-8000-00805f9b34fb","2ac0","org.bluetooth.characteristic.object_size","Object Size'
"00002a0a-0000-1000-8000-00805f9b34fb","2a0a","org.bluetooth.characteristic.day_date_time","Day Date Time'
"00002a8f-0000-1000-8000-00805f9b34fb","2a8f","org.bluetooth.characteristic.hip_circumference","Hip Circumference'
"00002a46-0000-1000-8000-00805f9b34fb","2a46","org.bluetooth.characteristic.new_alert","New Alert'
"00002a91-0000-1000-8000-00805f9b34fb","2a91","org.bluetooth.characteristic.maximum_recommended_heart_rate","Maximum Recommended Heart Rate'
"00002a67-0000-1000-8000-00805f9b34fb","2a67","org.bluetooth.characteristic.location_and_speed","Location and Speed Characteristic'
"00002a80-0000-1000-8000-00805f9b34fb","2a80","org.bluetooth.characteristic.age","Age'
"00002a05-0000-1000-8000-00805f9b34fb","2a05","org.bluetooth.characteristic.gatt.service_changed","Service Changed'
"00002a83-0000-1000-8000-00805f9b34fb","2a83","org.bluetooth.characteristic.anaerobic_threshold","Anaerobic Threshold'
"00002aa4-0000-1000-8000-00805f9b34fb","2aa4","org.bluetooth.characteristic.bond_management_control_point","Bond Management Control Point'
"00002a72-0000-1000-8000-00805f9b34fb","2a72","org.bluetooth.characteristic.apparent_wind_speed","Apparent Wind Speed'
"00002a31-0000-1000-8000-00805f9b34fb","2a31","org.bluetooth.characteristic.scan_refresh","Scan Refresh'
"00002a1e-0000-1000-8000-00805f9b34fb","2a1e","org.bluetooth.characteristic.intermediate_temperature","Intermediate Temperature'
"00002ac6-0000-1000-8000-00805f9b34fb","2ac6","org.bluetooth.characteristic.object_list_control_point","Object List Control Point'
"00002a28-0000-1000-8000-00805f9b34fb","2a28","org.bluetooth.characteristic.software_revision_string","Software Revision String'
"00002a0f-0000-1000-8000-00805f9b34fb","2a0f","org.bluetooth.characteristic.local_time_information","Local Time Information'
"00002a6a-0000-1000-8000-00805f9b34fb","2a6a","org.bluetooth.characteristic.ln_feature","LN Feature'
"00001a01-0000-1000-8000-00805f9b34fb","1a01","com.xiaomi.bluetooth.characteristic.miflora","Miflora'
"00002a9d-0000-1000-8000-00805f9b34fb","2a9d","org.bluetooth.characteristic.weight_measurement","Weight Measurement'
"00002a60-0000-1000-8000-00805f9b34fb","2a60","org.bluetooth.characteristic.plx_features","PLX Features'
"00002abe-0000-1000-8000-00805f9b34fb","2abe","org.bluetooth.characteristic.object_name","Object Name'
"00002a78-0000-1000-8000-00805f9b34fb","2a78","org.bluetooth.characteristic.rainfall","Rainfall'
"00002a9e-0000-1000-8000-00805f9b34fb","2a9e","org.bluetooth.characteristic.weight_scale_feature","Weight Scale Feature'
"00002aaa-0000-1000-8000-00805f9b34fb","2aaa","org.bluetooth.characteristic.cgm_session_start_time","CGM Session Start Time'
"00002a04-0000-1000-8000-00805f9b34fb","2a04","org.bluetooth.characteristic.gap.peripheral_preferred_connection_parameters","Peripheral Preferred Connection Parameters'
"00002a1d-0000-1000-8000-00805f9b34fb","2a1d","org.bluetooth.characteristic.temperature_type","Temperature Type'
"00002a8d-0000-1000-8000-00805f9b34fb","2a8d","org.bluetooth.characteristic.heart_rate_max","Heart Rate Max'
"00002ab4-0000-1000-8000-00805f9b34fb","2ab4","org.bluetooth.characteristic.uncertainty","Uncertainty'
"00002aaf-0000-1000-8000-00805f9b34fb","2aaf","org.bluetooth.characteristic.Longitude","Longitude'
"00002a77-0000-1000-8000-00805f9b34fb","2a77","org.bluetooth.characteristic.irradiance","Irradiance'
"00002ac5-0000-1000-8000-00805f9b34fb","2ac5","org.bluetooth.characteristic.object_action_control_point","Object Action Control Point'
"00002a01-0000-1000-8000-00805f9b34fb","2a01","org.bluetooth.characteristic.gap.appearance","Appearance'
"00002a87-0000-1000-8000-00805f9b34fb","2a87","org.bluetooth.characteristic.email_address","Email Address'
"00002a4f-0000-1000-8000-00805f9b34fb","2a4f","org.bluetooth.characteristic.scan_interval_window","Scan Interval Window'
"00002a12-0000-1000-8000-00805f9b34fb","2a12","org.bluetooth.characteristic.time_accuracy","Time Accuracy'
"00002a22-0000-1000-8000-00805f9b34fb","2a22","org.bluetooth.characteristic.boot_keyboard_input_report","Boot Keyboard Input Report'
"00002a03-0000-1000-8000-00805f9b34fb","2a03","org.bluetooth.characteristic.gap.reconnection_address","Reconnection Address'
"0000eee5-0000-1000-8000-00805f9b34fb","eee5","com.minew.bluetooth.characteristic.keyfinder_control_point","Minew Keyfinder Control Point'
"00002a7a-0000-1000-8000-00805f9b34fb","2a7a","org.bluetooth.characteristic.heat_index","Heat Index'
"00002a9f-0000-1000-8000-00805f9b34fb","2a9f","org.bluetooth.characteristic.user_control_point","User Control Point'
"00002a55-0000-1000-8000-00805f9b34fb","2a55","org.bluetooth.characteristic.sc_control_point","SC Control Point'
"00002a8c-0000-1000-8000-00805f9b34fb","2a8c","org.bluetooth.characteristic.gender","Gender'
"00002abf-0000-1000-8000-00805f9b34fb","2abf","org.bluetooth.characteristic.object_type","Object Type'
"00002a81-0000-1000-8000-00805f9b34fb","2a81","org.bluetooth.characteristic.anaerobic_heart_rate_lower_limit","Anaerobic Heart Rate Lower Limit'
"00002a0c-0000-1000-8000-00805f9b34fb","2a0c","org.bluetooth.characteristic.exact_time_256","Exact Time 256'
"00002a02-0000-1000-8000-00805f9b34fb","2a02","org.bluetooth.characteristic.gap.peripheral_privacy_flag","Peripheral Privacy Flag'
"00002a7d-0000-1000-8000-00805f9b34fb","2a7d","org.bluetooth.characteristic.descriptor_value_changed","Descriptor Value Changed'
"00002a39-0000-1000-8000-00805f9b34fb","2a39","org.bluetooth.characteristic.heart_rate_control_point","Heart Rate Control Point'
"00002a95-0000-1000-8000-00805f9b34fb","2a95","org.bluetooth.characteristic.two_zone_heart_rate_limit","Two Zone Heart Rate Limit'
"00002a2a-0000-1000-8000-00805f9b34fb","2a2a","org.bluetooth.characteristic.ieee_11073-20601_regulatory_certification_data_list","IEEE 11073-20601 Regulatory Certification Data List'
"00002a45-0000-1000-8000-00805f9b34fb","2a45","org.bluetooth.characteristic.unread_alert_status","Unread Alert Status'
"00002a32-0000-1000-8000-00805f9b34fb","2a32","org.bluetooth.characteristic.boot_keyboard_output_report","Boot Keyboard Output Report'
"00002a6b-0000-1000-8000-00805f9b34fb","2a6b","org.bluetooth.characteristic.ln_control_point","LN Control Point'
"00002a9a-0000-1000-8000-00805f9b34fb","2a9a","org.bluetooth.characteristic.user_index","User Index'
"00002a14-0000-1000-8000-00805f9b34fb","2a14","org.bluetooth.characteristic.reference_time_information","Reference Time Information'
"00002a23-0000-1000-8000-00805f9b34fb","2a23","org.bluetooth.characteristic.system_id","System ID'
"00002a4a-0000-1000-8000-00805f9b34fb","2a4a","org.bluetooth.characteristic.hid_information","HID Information'
"00002ab9-0000-1000-8000-00805f9b34fb","2ab9","org.bluetooth.characteristic.http_entity_body","HTTP Entity Body'
"00002a00-0000-1000-8000-00805f9b34fb","2a00","org.bluetooth.characteristic.gap.device_name","Device Name'
"00002a99-0000-1000-8000-00805f9b34fb","2a99","org.bluetooth.characteristic.database_change_increment","Database Change Increment'
"00002a5d-0000-1000-8000-00805f9b34fb","2a5d","org.bluetooth.characteristic.sensor_location","Sensor Location'
"00002a98-0000-1000-8000-00805f9b34fb","2a98","org.bluetooth.characteristic.weight","Weight'
"00002a75-0000-1000-8000-00805f9b34fb","2a75","org.bluetooth.characteristic.pollen_concentration","Pollen Concentration'
"00002ab3-0000-1000-8000-00805f9b34fb","2ab3","org.bluetooth.characteristic.altitude","Altitude'
"00002a0d-0000-1000-8000-00805f9b34fb","2a0d","org.bluetooth.characteristic.dst_offset","DST Offset'
"00002a1b-0000-1000-8000-00805f9b34fb","2a1b","org.bluetooth.characteristic.battery_level_state","Battery Level State'
"00002aba-0000-1000-8000-00805f9b34fb","2aba","org.bluetooth.characteristic.http_control_point","HTTP Control Point'
"00002a69-0000-1000-8000-00805f9b34fb","2a69","org.bluetooth.characteristic.position_quality","Position Quality'
"00002a70-0000-1000-8000-00805f9b34fb","2a70","org.bluetooth.characteristic.true_wind_speed","True Wind Speed'
"00002aa7-0000-1000-8000-00805f9b34fb","2aa7","org.bluetooth.characteristic.cgm_measurement","CGM Measurement'
"00002ab0-0000-1000-8000-00805f9b34fb","2ab0","org.bluetooth.characteristic.local_north_coordinate","Local North Coordinate'
"00002a2c-0000-1000-8000-00805f9b34fb","2a2c","org.bluetooth.characteristic.magnetic_declination","Magnetic Declination'
"00002a68-0000-1000-8000-00805f9b34fb","2a68","org.bluetooth.characteristic.navigation","Navigation'
"00002a38-0000-1000-8000-00805f9b34fb","2a38","org.bluetooth.characteristic.body_sensor_location","Body Sensor Location'
"00002ab1-0000-1000-8000-00805f9b34fb","2ab1","org.bluetooth.characteristic.local_east_coordinate","Local East Coordinate'
"00002a2b-0000-1000-8000-00805f9b34fb","2a2b","org.bluetooth.characteristic.current_time","Current Time'
"00002a26-0000-1000-8000-00805f9b34fb","2a26","org.bluetooth.characteristic.firmware_revision_string","Firmware Revision String'
"00002a07-0000-1000-8000-00805f9b34fb","2a07","org.bluetooth.characteristic.tx_power_level","Tx Power Level'
"00002a97-0000-1000-8000-00805f9b34fb","2a97","org.bluetooth.characteristic.waist_circumference","Waist Circumference'
"00002abd-0000-1000-8000-00805f9b34fb","2abd","org.bluetooth.characteristic.ots_feature","OTS Feature'
"00002a49-0000-1000-8000-00805f9b34fb","2a49","org.bluetooth.characteristic.blood_pressure_feature","Blood Pressure Feature'
"00002a85-0000-1000-8000-00805f9b34fb","2a85","org.bluetooth.characteristic.date_of_birth","Date of Birth'
"00002aa5-0000-1000-8000-00805f9b34fb","2aa5","org.bluetooth.characteristic.bond_management_feature","Bond Management Features'
"00002ab5-0000-1000-8000-00805f9b34fb","2ab5","org.bluetooth.characteristic.location_name","Location Name'
"00002a92-0000-1000-8000-00805f9b34fb","2a92","org.bluetooth.characteristic.resting_heart_rate","Resting Heart Rate'
"74e78e10","","com.oregonscientific.characteristic.temperature_and_humidity","Temperature and humidity'
"00001a00-0000-1000-8000-00805f9b34fb","1a00","com.xiaomi.bluetooth.characteristic.miflora_pin_code","Xiaomi MiFlora Pin Code'
"00002ab6-0000-1000-8000-00805f9b34fb","2ab6","org.bluetooth.characteristic.uri","URI'
"00002a94-0000-1000-8000-00805f9b34fb","2a94","org.bluetooth.characteristic.three_zone_heart_rate_limits","Three Zone Heart Rate Limits'
"00002abb-0000-1000-8000-00805f9b34fb","2abb","org.bluetooth.characteristic.https_security","HTTPS Security'
"00002ac4-0000-1000-8000-00805f9b34fb","2ac4","org.bluetooth.characteristic.object_properties","Object Properties'
"00002a18-0000-1000-8000-00805f9b34fb","2a18","org.bluetooth.characteristic.glucose_measurement","Glucose Measurement'
"00002a34-0000-1000-8000-00805f9b34fb","2a34","org.bluetooth.characteristic.glucose_measurement_context","Glucose Measurement Context'
"00002a58-0000-1000-8000-00805f9b34fb","2a58","org.bluetooth.characteristic.analog","Analog'
"0000181d-0000-1000-8000-00805f9b34fb","181d","com.xiaomi.bluetooth.characteristic.mi_smart_scales_advertisement","Xiaomi Mi Smart scales advertisement'
"00002a29-0000-1000-8000-00805f9b34fb","2a29","org.bluetooth.characteristic.manufacturer_name_string","Manufacturer Name String'
"00002a1c-0000-1000-8000-00805f9b34fb","2a1c","org.bluetooth.characteristic.temperature_measurement","Temperature Measurement'
"00002a5b-0000-1000-8000-00805f9b34fb","2a5b","org.bluetooth.characteristic.csc_measurement","CSC Measurement'
"00002a7e-0000-1000-8000-00805f9b34fb","2a7e","org.bluetooth.characteristic.aerobic_heart_rate_lower_limit","Aerobic Heart Rate Lower Limit'
"00002a51-0000-1000-8000-00805f9b34fb","2a51","org.bluetooth.characteristic.glucose_feature","Glucose Feature'
"00002a6f-0000-1000-8000-00805f9b34fb","2a6f","org.bluetooth.characteristic.humidity","Humidity'
"00002a82-0000-1000-8000-00805f9b34fb","2a82","org.bluetooth.characteristic.anaerobic_heart_rate_upper_limit","Anaerobic Heart Rate Upper Limit'
"00002aa0-0000-1000-8000-00805f9b34fb","2aa0","org.bluetooth.characteristic.Magnetic_flux_density_2D","Magnetic Flux Density - 2D'
"00002a4d-0000-1000-8000-00805f9b34fb","2a4d","org.bluetooth.characteristic.report","Report'
"00002a53-0000-1000-8000-00805f9b34fb","2a53","org.bluetooth.characteristic.rsc_measurement","RSC Measurement'
"00002a64-0000-1000-8000-00805f9b34fb","2a64","org.bluetooth.characteristic.cycling_power_vector","Cycling Power Vector'
"00002aa3-0000-1000-8000-00805f9b34fb","2aa3","org.bluetooth.characteristic.barometric_pressure_trend","Barometric Pressure Trend'
"00002a24-0000-1000-8000-00805f9b34fb","2a24","org.bluetooth.characteristic.model_number_string","Model Number String'
"00001a02-0000-1000-8000-00805f9b34fb","1a02","com.xiaomi.bluetooth.characteristic.battery_firmware","Xiaomi Battery and Firmware'
"00002ac8-0000-1000-8000-00805f9b34fb","2ac8","org.bluetooth.characteristic.object_changed","Object Changed'
"00002a17-0000-1000-8000-00805f9b34fb","2a17","org.bluetooth.characteristic.time_update_state","Time Update State'
"00002a13-0000-1000-8000-00805f9b34fb","2a13","org.bluetooth.characteristic.time_source","Time Source'
"00002a43-0000-1000-8000-00805f9b34fb","2a43","org.bluetooth.characteristic.alert_category_id","Alert Category ID'
"00002a35-0000-1000-8000-00805f9b34fb","2a35","org.bluetooth.characteristic.blood_pressure_measurement","Blood Pressure Measurement'
"00002a65-0000-1000-8000-00805f9b34fb","2a65","org.bluetooth.characteristic.cycling_power_feature","Cycling Power Feature'
"00002aa9-0000-1000-8000-00805f9b34fb","2aa9","org.bluetooth.characteristic.cgm_status","CGM Status'
"0000ffe1-0000-1000-8000-00805f9b34fb","ffe1","com.itag.characteristic.simple_button","Button'
"00002a11-0000-1000-8000-00805f9b34fb","2a11","org.bluetooth.characteristic.time_with_dst","Time with DST'
"0000fe95-0000-1000-8000-00805f9b34fb","fe95","com.xiaomi.bluetooth.characteristic.mi_service","Mi service'
"00002a19-0000-1000-8000-00805f9b34fb","2a19","org.bluetooth.characteristic.battery_level","Battery Level'
"00001806-0000-1000-8000-00805f9b34fb","1806","org.bluetooth.service.reference_time_update","Reference Time Update Service'
"00001818-0000-1000-8000-00805f9b34fb","1818","org.bluetooth.service.cycling_power","Cycling Power'
"0000eee1-0000-1000-8000-00805f9b34fb","eee1","com.minew.service.keyfinder","Minew Keyfinder service'
"0000181e-0000-1000-8000-00805f9b34fb","181e","org.bluetooth.service.bond_management","Bond Management Service'
"0000181c-0000-1000-8000-00805f9b34fb","181c","org.bluetooth.service.user_data","User Data'
"74e7fe00","","com.oregonscientific.service.temperature_and_humidity","Oregon Scientific BLE Weather Station temperature and humidity service'
"00001811-0000-1000-8000-00805f9b34fb","1811","org.bluetooth.service.alert_notification","Alert Notification Service'
"00001816-0000-1000-8000-00805f9b34fb","1816","org.bluetooth.service.cycling_speed_and_cadence","Cycling Speed and Cadence'
"00001813-0000-1000-8000-00805f9b34fb","1813","org.bluetooth.service.scan_parameters","Scan Parameters'
"00001805-0000-1000-8000-00805f9b34fb","1805","org.bluetooth.service.current_time","Current Time Service'
"00001800-0000-1000-8000-00805f9b34fb","1800","org.bluetooth.service.generic_access","Generic Access'
"0000180a-0000-1000-8000-00805f9b34fb","180a","org.bluetooth.service.device_information","Device Information'
"0000180f-0000-1000-8000-00805f9b34fb","180f","org.bluetooth.service.battery_service","Battery Service'
"00001804-0000-1000-8000-00805f9b34fb","1804","org.bluetooth.service.tx_power","Tx Power'
"00001802-0000-1000-8000-00805f9b34fb","1802","org.bluetooth.service.immediate_alert","Immediate Alert'
"0000180e-0000-1000-8000-00805f9b34fb","180e","org.bluetooth.service.phone_alert_status","Phone Alert Status Service'
"0000181f-0000-1000-8000-00805f9b34fb","181f","org.bluetooth.service.continuous_glucose_monitoring","Continuous Glucose Monitoring'
"226c0000","","com.xiaomi.bluetooth.service.temp_and_humidity","Xiaomi temperature and humidity'
"00001807-0000-1000-8000-00805f9b34fb","1807","org.bluetooth.service.next_dst_change","Next DST Change Service'
"00001821-0000-1000-8000-00805f9b34fb","1821","org.bluetooth.service.indoor_positioning","Indoor Positioning'
"0000181d-0000-1000-8000-00805f9b34fb","181d","org.bluetooth.service.weight_scale","Weight Scale'
"00001822-0000-1000-8000-00805f9b34fb","1822","org.bluetooth.service.pulse_oximeter","Pulse Oximeter Service'
"00001815-0000-1000-8000-00805f9b34fb","1815","org.bluetooth.service.automation_io","Automation IO'
"00001801-0000-1000-8000-00805f9b34fb","1801","org.bluetooth.service.generic_attribute","Generic Attribute'
"00001825-0000-1000-8000-00805f9b34fb","1825","org.bluetooth.service.object_transfer","Object Transfer Service'
"00001808-0000-1000-8000-00805f9b34fb","1808","org.bluetooth.service.glucose","Glucose'
"00001820-0000-1000-8000-00805f9b34fb","1820","org.bluetooth.service.internet_protocol_support","Internet Protocol Support Service'
"00001809-0000-1000-8000-00805f9b34fb","1809","org.bluetooth.service.health_thermometer","Health Thermometer'
"00001812-0000-1000-8000-00805f9b34fb","1812","org.bluetooth.service.human_interface_device","Human Interface Device'
"00001823-0000-1000-8000-00805f9b34fb","1823","org.bluetooth.service.http_proxy","HTTP Proxy'
"00001819-0000-1000-8000-00805f9b34fb","1819","org.bluetooth.service.location_and_navigation","Location and Navigation'
"00001204-0000-1000-8000-00805f9b34fb","1204","com.xiaomi.bluetooth.service.miflora","Xiaomi Miflora service'
"00001814-0000-1000-8000-00805f9b34fb","1814","org.bluetooth.service.running_speed_and_cadence","Running Speed and Cadence'
"0000ffe0-0000-1000-8000-00805f9b34fb","ffe0","com.itag.service.simple_button","iTag device (beacon keyfob) simple button service'
"00001824-0000-1000-8000-00805f9b34fb","1824","org.bluetooth.service.transport_discovery","Transport Discovery'
"0000180d-0000-1000-8000-00805f9b34fb","180d","org.bluetooth.service.heart_rate","Heart Rate'
"0000181b-0000-1000-8000-00805f9b34fb","181b","org.bluetooth.service.body_composition","Body Composition'
"0000181a-0000-1000-8000-00805f9b34fb","181a","org.bluetooth.service.environmental_sensing","Environmental Sensing'
"00001803-0000-1000-8000-00805f9b34fb","1803","org.bluetooth.service.link_loss","Link Loss'
"00001810-0000-1000-8000-00805f9b34fb","1810","org.bluetooth.service.blood_pressure","Blood Pressure'
